label,Deck,image,item-count,item-key
lightning,ball-deck-2,https://raw.githubusercontent.com/EmilRosen/ballers/refs/heads/dev/cards/ball-deck-2/lightning.png,4,lightning
halo,ball-deck-2,https://raw.githubusercontent.com/EmilRosen/ballers/refs/heads/dev/cards/ball-deck-2/halo.png,4,halo
cuddle-fish,ball-deck-2,https://raw.githubusercontent.com/EmilRosen/ballers/refs/heads/dev/cards/ball-deck-2/cuddle-fish.png,4,cuddle-fish
parrot,ball-deck-2,https://raw.githubusercontent.com/EmilRosen/ballers/refs/heads/dev/cards/ball-deck-2/parrot.png,4,parrot
mc,ball-deck-2,https://raw.githubusercontent.com/EmilRosen/ballers/refs/heads/dev/cards/ball-deck-2/mc.png,4,mc
pkm-trainer,ball-deck-2,https://raw.githubusercontent.com/EmilRosen/ballers/refs/heads/dev/cards/ball-deck-2/pkm-trainer.png,4,pkm-trainer
toaster,ball-deck-2,https://raw.githubusercontent.com/EmilRosen/ballers/refs/heads/dev/cards/ball-deck-2/toaster.png,4,toaster
snowglobe,ball-deck-2,https://raw.githubusercontent.com/EmilRosen/ballers/refs/heads/dev/cards/ball-deck-2/snowglobe.png,4,snowglobe
dynamite-harry,ball-deck-2,https://raw.githubusercontent.com/EmilRosen/ballers/refs/heads/dev/cards/ball-deck-2/dynamite-harry.png,1,dynamite-harry
